	sample	Position	Ref	Cons	SNP
0	USAWI-UW-18102020	241	C	T	241_C>T
1	USAWI-UW-18102020	1059	C	T	1059_C>T
2	USAWI-UW-18102020	3037	C	T	3037_C>T
3	USAWI-UW-18102020	3773	C	T	3773_C>T
4	USAWI-UW-18102020	7086	C	T	7086_C>T
5	USAWI-UW-18102020	14191	T	C	14191_T>C
6	USAWI-UW-18102020	14408	C	T	14408_C>T
7	USAWI-UW-18102020	15654	C	T	15654_C>T
8	USAWI-UW-18102020	16092	C	T	16092_C>T
9	USAWI-UW-18102020	16260	C	T	16260_C>T
10	USAWI-UW-18102020	23403	A	G	23403_A>G
11	USAWI-UW-18102020	23584	T	C	23584_T>C
12	USAWI-UW-18102020	23900	G	C	23900_G>C
13	USAWI-UW-18102020	24253	A	T	24253_A>T
14	USAWI-UW-18102020	25563	G	T	25563_G>T
15	USAWI-UW-18102020	28681	G	T	28681_G>T
16	USAWI-UW-18102020	28821	C	A	28821_C>A
17	USAWI-UW-18102020	29808	G	T	29808_G>T
