,SNP
0,241_C>T
1,1059_C>T
2,3037_C>T
3,3773_C>T
4,6793_G>T
5,7086_C>T
6,14191_T>C
7,14408_C>T
8,15672_G>T
9,16092_C>T
10,16260_C>T
11,17721_G>T
12,18985_G>T
13,23185_C>T
14,23403_A>G
15,23900_G>C
16,24253_A>T
17,25460_C>T
18,25563_G>T
19,28727_G>T
20,28821_C>A
21,29808_G>T
0,203_C>T
2,370_G>T
4,2607_C>T
7,14634_A>G
8,18555_C>T
11,28892_C>T
7,15654_C>T
14,28681_G>T
5,13176_C>T
2,2407_G>A
4,3885_C>T
5,10323_A>G
6,13957_C>T
8,15276_T>A
9,21575_C>T
10,22162_T>C
12,24010_A>G
14,28842_G>T
12,23126_G>T
3,5672_C>T
13,27403_A>G
3,10319_C>T
5,14805_C>T
6,18424_A>G
7,21304_C>T
10,27964_C>T
11,28472_C>T
12,28869_C>T
13,29402_G>T
1,696_A>C
2,1427_C>T
4,3871_G>T
5,3931_T>C
7,19524_C>T
8,20429_C>T
10,28977_C>T
1,664_C>T
9,25609_C>A
1,681_A>G
4,3821_C>A
7,4226_C>T
8,5055_C>T
10,7837_A>C
11,8658_A>G
13,14700_T>C
14,16647_G>C
15,23120_G>T
17,25854_C>T
6,12065_A>G
12,20321_A>T
10,17977_C>T
5,10277_C>T
2,1358_G>A
4,4633_C>T
5,8083_G>A
7,10728_C>T
8,12473_C>T
9,13201_G>T
12,16748_A>G
17,25907_G>T
10,19118_C>T
5,13045_G>T
4,4596_C>A
20,26801_C>T
20,29362_C>T
15,28468_A>C
5,7420_C>T
6,11029_G>T
18,29005_A>T
15,22015_T>C
7,6166_G>A
8,6352_G>A
11,19677_G>T
13,27276_C>T
2,4113_C>T
3,5907_C>T
5,23191_C>T
2,2037_C>T
8,6419_G>A
10,11541_T>G
14,25947_G>T
16,29742_G>A
6,6285_C>T
11,18369_T>C
5,8577_A>G
21,28952_T>G
12,16117_G>T
5,9969_C>T
14,27798_G>T
7,17135_C>T
15,29715_G>T
5,13664_A>C
4,4960_G>T
10,19547_C>T
10,16741_G>T
15,28717_C>T
4,4891_C>T
21,28854_C>T
5,14021_A>G
16,29260_G>A
5,7360_G>T
15,28963_T>C
16,29627_C>T
2,1737_T>C
11,21920_G>T
4,6781_C>T
17,25290_G>T
1,1562_T>C
2,2035_G>T
4,6187_C>T
5,11674_C>T
6,11956_C>T
7,12025_C>T
9,19162_G>T
10,19839_T>C
12,23638_C>T
13,23707_C>T
14,28310_C>T
15,28881_G>A
16,28882_G>A
17,28883_G>C
18,29769_C>T
11,20104_C>T
19,27925_C>A
14,27078_C>T
5,11595_A>G
9,16158_G>T
1,338_G>A
10,17550_C>T
11,17706_G>A
12,18432_A>G
11,23584_T>C
10,19328_C>T
17,29614_C>T
2,3393_C>T
5,8114_G>A
7,21974_G>C
10,25571_C>A
11,26456_C>T
12,27534_T>C
5,13339_T>A
9,18687_C>T
10,19059_T>C
2,1063_C>T
5,5477_C>T
1,264_A>G
5,10030_C>T
3,7745_G>T
9,19947_G>T
14,27225_G>T
18,29724_C>T
3,7736_G>A
6,12820_A>G
9,16616_C>T
12,21638_C>T
13,21639_C>A
14,22205_G>T
15,22687_C>T
19,26748_A>G
